Age,Attrition,BusinessTravel,DailyRate,Department,DistanceFromHome,Education,EducationField,EnvironmentSatisfaction,Gender,HourlyRate,JobInvolvement,JobLevel,JobRole,JobSatisfaction,MaritalStatus,MonthlyIncome,MonthlyRate,NumCompaniesWorked,OverTime,PercentSalaryHike,PerformanceRating,RelationshipSatisfaction,StockOptionLevel,TotalWorkingYears,TrainingTimesLastYear,WorkLifeBalance,YearsAtCompany,YearsInCurrentRole,YearsSinceLastPromotion,YearsWithCurrManager,Attrition_Predicted_RF,Attrition_Probability_RF
25,0,Travel_Rarely,891,Sales,4,2,Life Sciences,2,0,99,2,2,Sales Executive,4,Single,4487,12090,1,1,11,3,2,0,5,3,3,5,4,1,3,0,0.23
37,0,Travel_Rarely,367,Research & Development,25,2,Medical,3,0,52,2,2,Healthcare Representative,4,Divorced,5731,17171,7,0,13,3,3,2,9,2,3,6,2,1,3,0,0.08
35,0,Travel_Rarely,538,Research & Development,25,2,Other,1,1,54,2,2,Laboratory Technician,4,Single,3681,14004,4,0,14,3,4,0,9,3,3,3,2,0,2,0,0.22
31,0,Travel_Rarely,688,Sales,7,3,Life Sciences,3,1,44,2,3,Manager,4,Divorced,11557,25291,9,0,21,4,3,1,10,3,2,5,4,0,1,0,0.17
34,0,Travel_Rarely,1480,Sales,4,3,Life Sciences,3,1,64,3,3,Sales Executive,4,Married,9713,24444,2,1,13,3,4,3,9,3,3,5,3,1,0,0,0.13
37,0,Non-Travel,1040,Research & Development,2,2,Life Sciences,3,1,100,2,2,Healthcare Representative,4,Divorced,5163,15850,5,0,14,3,4,1,17,2,4,1,0,0,0,0,0.12
35,0,Travel_Rarely,819,Research & Development,2,3,Life Sciences,3,1,44,2,3,Manufacturing Director,2,Divorced,10274,19588,2,0,18,3,2,1,15,2,4,7,7,6,4,0,0.03
46,0,Travel_Rarely,526,Sales,1,2,Marketing,2,0,92,3,3,Sales Executive,1,Divorced,10453,2137,1,0,25,4,3,3,24,2,3,24,13,15,7,0,0.15
36,0,Travel_Frequently,635,Research & Development,18,1,Medical,2,0,73,3,1,Laboratory Technician,4,Single,2153,7703,1,0,13,3,1,0,8,2,3,8,1,1,7,0,0.14
42,0,Travel_Rarely,532,Research & Development,4,2,Technical Degree,3,1,58,3,5,Manager,4,Married,19232,4933,1,0,11,3,4,0,22,3,3,22,17,11,15,0,0.04
34,0,Non-Travel,1375,Sales,10,3,Life Sciences,4,1,87,3,2,Sales Executive,3,Divorced,4001,12313,1,1,14,3,3,1,15,3,3,15,14,0,7,0,0.06
42,0,Travel_Frequently,532,Research & Development,29,2,Life Sciences,1,0,92,3,2,Research Scientist,3,Divorced,4556,12932,2,0,11,3,2,1,19,3,3,5,4,0,2,0,0.1
26,1,Travel_Rarely,950,Sales,4,4,Marketing,4,1,48,2,2,Sales Executive,4,Single,5828,8450,1,1,12,3,2,0,8,0,3,8,7,7,4,0,0.33
45,0,Travel_Rarely,252,Research & Development,2,3,Life Sciences,2,0,95,2,1,Research Scientist,3,Single,2274,6153,1,0,14,3,4,0,1,3,3,1,0,0,0,0,0.34
36,0,Travel_Rarely,928,Sales,1,2,Life Sciences,2,1,56,3,2,Sales Executive,4,Married,6201,2823,1,1,14,3,4,1,18,1,2,18,14,4,11,0,0.07
51,0,Travel_Rarely,313,Research & Development,3,3,Medical,4,0,98,3,4,Healthcare Representative,2,Single,13734,7192,3,0,18,3,3,0,21,6,3,7,7,1,0,0,0.02
58,1,Travel_Rarely,147,Research & Development,23,4,Medical,4,0,94,3,3,Healthcare Representative,4,Married,10312,3465,1,0,12,3,4,1,40,3,2,40,10,15,6,0,0.13
30,1,Travel_Frequently,448,Sales,12,4,Life Sciences,2,1,74,2,1,Sales Representative,1,Married,2033,14470,1,0,18,3,3,1,1,2,4,1,0,0,0,1,0.54
23,0,Travel_Rarely,1309,Research & Development,26,1,Life Sciences,3,1,83,3,1,Research Scientist,4,Divorced,2904,16092,1,0,12,3,3,2,4,2,2,4,2,0,2,0,0.06
35,1,Travel_Frequently,130,Research & Development,25,4,Life Sciences,4,0,96,3,1,Research Scientist,2,Divorced,2022,16612,1,1,19,3,1,1,10,3,2,10,2,7,8,0,0.26
24,0,Travel_Rarely,1476,Sales,4,1,Medical,4,0,42,3,2,Sales Executive,3,Married,4162,15211,1,1,12,3,3,2,5,3,3,5,4,0,3,0,0.1
40,0,Travel_Rarely,1202,Research & Development,2,1,Medical,2,0,89,4,2,Healthcare Representative,3,Divorced,6377,13888,5,0,20,4,2,3,15,0,3,12,11,11,8,0,0.02
47,0,Travel_Rarely,1454,Sales,2,4,Life Sciences,4,0,65,2,1,Sales Representative,4,Single,3294,13137,1,1,18,3,1,0,3,3,2,3,2,1,2,0,0.23
40,0,Travel_Rarely,1416,Research & Development,2,2,Medical,1,1,49,3,5,Research Director,3,Divorced,19436,5949,0,0,19,3,4,1,22,5,3,21,7,3,9,0,0.04
31,0,Travel_Rarely,525,Sales,6,4,Medical,1,1,66,4,2,Sales Executive,4,Divorced,5460,6219,4,0,22,4,4,2,13,4,4,7,7,5,7,0,0.08
38,0,Travel_Frequently,148,Research & Development,2,3,Medical,4,0,42,2,1,Laboratory Technician,2,Single,2440,23826,1,0,22,4,2,0,4,3,3,4,3,3,3,0,0.12
36,0,Travel_Rarely,188,Research & Development,7,4,Other,2,1,65,3,1,Research Scientist,4,Single,4678,23293,2,0,18,3,3,0,8,6,3,6,2,0,1,0,0.09
26,0,Travel_Rarely,683,Research & Development,2,1,Medical,1,1,36,2,1,Research Scientist,4,Single,3904,4050,0,0,12,3,4,0,5,2,3,4,3,1,1,0,0.06
36,0,Travel_Rarely,1120,Sales,11,4,Marketing,2,0,100,2,2,Sales Executive,4,Married,6652,14369,4,0,13,3,1,1,8,2,2,6,3,0,0,0,0.2
36,1,Travel_Rarely,318,Research & Development,9,3,Medical,4,1,79,2,1,Research Scientist,3,Married,3388,21777,0,1,17,3,1,1,2,0,2,1,0,0,0,0,0.21
50,0,Travel_Frequently,1421,Research & Development,2,3,Medical,4,0,30,3,4,Manager,1,Married,17856,9490,2,0,22,4,3,1,32,3,3,2,2,2,2,0,0.03
35,1,Travel_Rarely,622,Research & Development,14,4,Other,3,1,39,2,1,Laboratory Technician,2,Divorced,3743,10074,1,1,24,4,4,1,5,2,1,4,2,0,2,0,0.22
51,1,Travel_Frequently,1150,Research & Development,8,4,Life Sciences,1,1,53,1,3,Manufacturing Director,4,Single,10650,25150,2,0,15,3,4,0,18,2,3,4,2,0,3,0,0.06
39,0,Travel_Rarely,492,Research & Development,12,3,Medical,4,1,66,3,2,Manufacturing Director,2,Married,5295,7693,4,0,21,4,3,0,7,3,3,5,4,1,0,0,0.11
46,0,Travel_Rarely,1009,Research & Development,2,3,Life Sciences,1,1,51,3,4,Research Director,3,Married,17861,2288,6,0,13,3,3,0,26,2,1,3,2,0,1,0,0.05
53,0,Travel_Rarely,1282,Research & Development,5,3,Other,3,0,58,3,5,Manager,3,Divorced,19094,10735,4,0,11,3,4,1,26,3,2,14,13,4,8,0,0.02
22,0,Travel_Rarely,534,Research & Development,15,3,Medical,2,0,59,3,1,Laboratory Technician,4,Single,2871,23785,1,0,15,3,3,0,1,5,3,0,0,0,0,0,0.44
33,0,Travel_Rarely,134,Research & Development,2,3,Life Sciences,3,1,90,3,1,Research Scientist,4,Single,2500,10515,0,0,14,3,1,0,4,2,4,3,1,0,2,0,0.17
32,0,Travel_Rarely,334,Research & Development,5,2,Life Sciences,1,1,80,4,1,Research Scientist,2,Divorced,3298,15053,0,1,12,3,4,2,7,5,2,6,2,0,5,0,0.12
21,1,Travel_Frequently,251,Research & Development,10,2,Life Sciences,1,0,45,2,1,Laboratory Technician,3,Single,2625,25308,1,0,20,4,3,0,2,2,1,2,2,2,2,0,0.24
34,1,Travel_Rarely,699,Research & Development,6,1,Medical,2,1,83,3,1,Research Scientist,1,Single,2960,17102,2,0,11,3,3,0,8,2,3,4,2,1,3,0,0.05
30,0,Travel_Rarely,921,Research & Development,1,3,Life Sciences,4,1,38,1,1,Laboratory Technician,3,Married,3833,24375,3,0,21,4,3,2,7,2,3,2,2,0,2,0,0.1
48,0,Travel_Frequently,365,Research & Development,4,5,Medical,3,1,89,2,4,Manager,4,Married,15202,5602,2,0,25,4,2,1,23,3,3,2,2,2,2,0,0.05
48,0,Travel_Rarely,1224,Research & Development,10,3,Life Sciences,4,1,91,2,5,Research Director,2,Married,19665,13583,4,0,12,3,4,0,29,3,3,22,10,12,9,0,0.03
33,0,Travel_Rarely,117,Research & Development,9,3,Medical,1,1,60,3,1,Research Scientist,4,Married,2781,6311,0,0,13,3,2,1,15,5,3,14,10,4,10,0,0.07
37,0,Travel_Rarely,1319,Research & Development,6,3,Medical,3,1,51,4,2,Research Scientist,1,Divorced,5974,17001,4,1,13,3,1,2,13,2,3,7,7,6,7,0,0.06
33,1,Travel_Rarely,527,Research & Development,1,4,Other,4,1,63,3,1,Research Scientist,4,Single,2686,5207,1,1,13,3,3,0,10,2,2,10,9,7,8,0,0.15
31,1,Non-Travel,335,Research & Development,9,2,Medical,3,1,46,2,1,Research Scientist,1,Single,2321,10322,0,1,22,4,1,0,4,0,3,3,2,1,2,0,0.44
21,0,Travel_Rarely,391,Research & Development,15,2,Life Sciences,3,1,96,3,1,Research Scientist,4,Single,1232,19281,1,0,14,3,4,0,0,6,3,0,0,0,0,0,0.4
38,0,Travel_Rarely,1380,Research & Development,9,2,Life Sciences,3,0,75,3,1,Laboratory Technician,4,Single,2288,6319,1,0,12,3,3,0,2,3,3,2,2,2,1,0,0.21
35,0,Travel_Rarely,950,Research & Development,7,3,Other,3,1,59,3,3,Manufacturing Director,3,Single,10221,18869,3,0,21,4,2,0,17,3,4,8,5,1,6,0,0.07
31,0,Travel_Rarely,1222,Research & Development,11,4,Life Sciences,4,1,48,3,1,Research Scientist,4,Married,2356,14871,3,1,19,3,2,1,8,2,3,6,4,0,2,0,0.21
34,0,Travel_Rarely,304,Sales,2,3,Other,4,1,60,3,2,Sales Executive,4,Single,6274,18686,1,0,22,4,3,0,6,5,3,6,5,1,4,0,0.11
31,0,Travel_Rarely,218,Sales,7,3,Technical Degree,2,1,100,4,2,Sales Executive,4,Married,6929,12241,4,0,11,3,2,1,10,3,2,8,7,7,7,0,0.08
39,0,Travel_Rarely,1329,Sales,4,4,Life Sciences,4,0,47,2,2,Sales Executive,3,Married,5902,14590,4,0,14,3,3,1,17,1,4,15,11,5,9,0,0.03
26,0,Travel_Rarely,157,Research & Development,1,3,Medical,3,1,95,3,1,Laboratory Technician,1,Single,2867,20006,0,0,13,3,4,0,8,6,2,7,7,7,6,0,0.18
41,0,Travel_Frequently,1018,Sales,1,3,Marketing,3,0,66,3,2,Sales Executive,1,Divorced,4103,4297,0,0,17,3,4,1,10,2,3,9,3,1,7,0,0.02
29,0,Travel_Rarely,1246,Sales,19,3,Life Sciences,3,1,77,2,2,Sales Executive,3,Divorced,8620,23757,1,0,14,3,3,2,10,3,3,10,7,0,4,0,0.04
34,0,Travel_Frequently,618,Research & Development,3,1,Life Sciences,1,1,45,3,2,Healthcare Representative,4,Single,7756,22266,0,0,17,3,3,0,7,1,2,6,2,0,4,0,0.14
28,0,Travel_Rarely,304,Sales,9,4,Life Sciences,2,1,92,3,2,Sales Executive,4,Single,5253,20750,1,0,16,3,4,0,7,1,3,7,5,0,7,0,0.17
35,0,Travel_Rarely,287,Research & Development,1,4,Life Sciences,3,0,62,1,1,Research Scientist,4,Married,2977,8952,1,0,12,3,4,1,4,5,3,4,3,1,1,0,0.06
36,0,Travel_Rarely,329,Research & Development,2,3,Life Sciences,4,0,96,3,1,Research Scientist,3,Married,2543,11868,4,0,13,3,2,1,6,3,3,2,2,2,2,0,0.07
41,0,Travel_Rarely,645,Sales,1,3,Marketing,2,1,49,4,3,Sales Executive,1,Married,8392,19566,1,0,16,3,3,1,10,2,3,10,7,0,7,0,0.05
43,0,Travel_Frequently,559,Research & Development,10,4,Life Sciences,3,0,82,2,2,Laboratory Technician,3,Divorced,5257,6227,1,0,11,3,2,1,9,3,4,9,7,0,0,0,0.12
26,1,Travel_Frequently,342,Research & Development,2,3,Life Sciences,1,1,57,3,1,Research Scientist,1,Married,2042,15346,6,1,14,3,2,1,6,2,3,3,2,1,2,0,0.38
45,0,Travel_Rarely,556,Research & Development,25,2,Life Sciences,2,0,93,2,2,Manufacturing Director,4,Married,5906,23888,0,0,13,3,4,2,10,2,2,9,8,3,8,0,0.04
34,1,Travel_Frequently,234,Research & Development,9,4,Life Sciences,4,1,93,3,2,Laboratory Technician,1,Married,5346,6208,4,0,17,3,3,1,11,3,2,7,1,0,7,0,0.06
49,0,Non-Travel,1002,Research & Development,18,4,Life Sciences,4,1,92,3,2,Manufacturing Director,4,Divorced,6804,23793,1,1,15,3,1,2,7,0,3,7,7,1,7,0,0.08
44,0,Travel_Rarely,625,Research & Development,4,3,Medical,4,1,50,3,2,Healthcare Representative,2,Single,5933,5197,9,0,12,3,4,0,10,2,2,5,2,2,3,0,0.13
52,0,Travel_Rarely,319,Research & Development,3,3,Medical,4,1,39,2,3,Manufacturing Director,3,Married,7969,19609,2,1,14,3,3,0,28,4,3,5,4,0,4,0,0.04
27,0,Travel_Rarely,1220,Research & Development,5,3,Life Sciences,3,0,85,3,1,Research Scientist,2,Single,2478,20938,1,1,12,3,2,0,4,2,2,4,3,1,2,0,0.3
38,0,Travel_Frequently,594,Research & Development,2,2,Medical,3,0,75,2,1,Laboratory Technician,2,Married,2468,15963,4,0,14,3,2,1,9,4,2,6,1,0,5,0,0.08
56,1,Travel_Rarely,310,Research & Development,7,2,Technical Degree,4,1,72,3,1,Laboratory Technician,3,Married,2339,3666,8,0,11,3,4,1,14,4,1,10,9,9,8,0,0.18
25,0,Travel_Rarely,266,Research & Development,1,3,Medical,4,0,40,3,1,Research Scientist,2,Single,2096,18830,1,0,18,3,4,0,2,3,2,2,2,2,1,0,0.28
44,0,Travel_Rarely,1313,Research & Development,7,3,Medical,2,0,31,3,5,Research Director,4,Divorced,19049,3549,0,1,14,3,4,1,23,4,2,22,7,1,10,0,0.01
43,0,Travel_Rarely,244,Human Resources,2,3,Life Sciences,2,1,97,3,1,Human Resources,4,Single,3539,5033,0,0,13,3,2,0,10,5,3,9,7,1,8,0,0.03
53,0,Travel_Rarely,102,Research & Development,23,4,Life Sciences,4,0,72,3,4,Research Director,4,Single,14275,20206,6,0,18,3,3,0,33,0,3,12,9,3,8,0,0.09
52,0,Travel_Rarely,258,Research & Development,8,4,Other,3,0,54,3,1,Laboratory Technician,1,Married,2950,17363,9,0,13,3,3,0,12,2,1,5,4,0,4,0,0.21
38,0,Travel_Rarely,371,Research & Development,2,3,Life Sciences,4,1,45,3,1,Research Scientist,4,Single,3944,4306,5,1,11,3,3,0,6,3,3,3,2,1,2,0,0.15
47,0,Travel_Frequently,1309,Sales,4,1,Medical,2,1,99,3,2,Sales Representative,3,Single,2976,25751,3,0,19,3,1,0,5,3,3,0,0,0,0,0,0.26
26,0,Travel_Frequently,1096,Research & Development,6,3,Other,3,1,61,4,1,Laboratory Technician,4,Married,2544,7102,0,0,18,3,1,1,8,3,3,7,7,7,7,0,0.12
59,0,Travel_Rarely,142,Research & Development,3,3,Life Sciences,3,1,70,2,1,Research Scientist,4,Married,2177,8456,3,0,17,3,1,1,7,6,3,1,0,0,0,0,0.19
42,0,Travel_Rarely,1332,Research & Development,2,4,Other,1,1,98,2,2,Healthcare Representative,4,Single,6781,17078,3,0,23,4,2,0,14,6,3,1,0,0,0,0,0.13
39,0,Travel_Rarely,141,Human Resources,3,3,Human Resources,3,0,44,4,2,Human Resources,2,Married,6389,18767,9,0,15,3,3,1,12,3,1,8,3,3,6,0,0.11
40,0,Travel_Rarely,329,Research & Development,1,4,Life Sciences,2,1,88,3,1,Laboratory Technician,2,Married,2387,6762,3,0,22,4,3,1,7,3,3,4,2,0,3,0,0.02
43,0,Non-Travel,343,Research & Development,9,3,Life Sciences,1,1,52,3,1,Research Scientist,3,Single,2438,24978,4,0,13,3,3,0,7,2,2,3,2,1,2,0,0.18
45,0,Travel_Rarely,194,Research & Development,9,3,Life Sciences,2,1,60,3,2,Laboratory Technician,2,Divorced,2348,10901,8,0,18,3,3,1,20,2,1,17,9,0,15,0,0.15
31,0,Travel_Rarely,1398,Human Resources,8,2,Medical,4,0,96,4,1,Human Resources,2,Single,2109,24609,9,0,18,3,4,0,8,3,3,3,2,0,2,0,0.17
40,0,Travel_Rarely,302,Research & Development,6,3,Life Sciences,2,0,75,3,4,Manufacturing Director,3,Single,13237,20364,7,0,15,3,3,0,22,3,3,20,6,5,13,0,0.09
58,1,Travel_Rarely,289,Research & Development,2,3,Technical Degree,4,1,51,3,1,Research Scientist,3,Single,2479,26227,4,0,24,4,1,0,7,4,3,1,0,0,0,0,0.17
36,1,Travel_Rarely,1456,Sales,13,5,Marketing,2,1,96,2,2,Sales Executive,1,Divorced,6134,8658,5,1,13,3,2,3,16,3,3,2,2,2,2,0,0.21
32,0,Non-Travel,976,Sales,26,4,Marketing,3,1,100,3,2,Sales Executive,4,Married,4465,12069,0,0,18,3,1,0,4,2,3,3,2,2,2,0,0.1
34,0,Travel_Rarely,470,Research & Development,2,4,Life Sciences,4,1,84,2,2,Manufacturing Director,1,Married,5957,23687,6,0,13,3,2,1,13,3,3,11,9,5,9,0,0.06
34,0,Travel_Rarely,1031,Research & Development,6,4,Life Sciences,3,0,45,2,2,Research Scientist,2,Divorced,4505,15000,6,0,15,3,3,1,12,3,3,1,0,0,0,0,0.18
36,0,Travel_Rarely,506,Research & Development,3,3,Technical Degree,3,1,30,3,2,Research Scientist,2,Single,4485,26285,4,0,12,3,4,0,10,2,3,8,0,7,7,0,0.12
36,0,Non-Travel,301,Sales,15,4,Marketing,4,1,88,1,2,Sales Executive,4,Divorced,5406,10436,1,0,24,4,1,1,15,4,2,15,12,11,11,0,0.08
44,1,Travel_Rarely,1376,Human Resources,1,2,Medical,2,1,91,2,3,Human Resources,1,Married,10482,2326,9,0,14,3,4,1,24,1,3,20,6,3,6,0,0.04
55,0,Travel_Frequently,1091,Research & Development,2,1,Life Sciences,4,1,65,3,3,Manufacturing Director,2,Married,10976,15813,3,0,18,3,2,1,23,4,3,3,2,1,2,0,0.03
50,0,Travel_Frequently,1246,Human Resources,3,3,Medical,1,1,99,3,5,Manager,2,Married,18200,7999,1,0,11,3,3,1,32,2,3,32,5,10,7,0,0.04
37,0,Travel_Rarely,1192,Research & Development,5,2,Medical,4,1,61,3,2,Manufacturing Director,4,Divorced,6347,23177,7,0,16,3,3,2,8,2,2,6,2,0,4,0,0.04
50,0,Travel_Rarely,804,Research & Development,9,3,Life Sciences,1,1,64,3,1,Laboratory Technician,4,Married,2380,20165,4,0,18,3,2,0,8,5,3,1,0,0,0,0,0.24
35,0,Travel_Rarely,755,Research & Development,9,4,Life Sciences,3,1,97,2,2,Healthcare Representative,2,Single,6540,19394,9,0,19,3,3,0,10,5,3,1,1,0,0,0,0.18
28,0,Travel_Rarely,1083,Research & Development,29,1,Life Sciences,3,1,96,1,2,Manufacturing Director,2,Married,6549,3173,1,0,14,3,2,2,8,2,2,8,6,1,7,0,0.04
37,0,Travel_Rarely,397,Research & Development,7,4,Medical,1,1,30,3,3,Research Director,3,Single,13664,25258,4,0,13,3,1,0,16,3,4,5,2,0,2,0,0.1
30,1,Travel_Rarely,740,Sales,1,3,Life Sciences,2,1,64,2,2,Sales Executive,1,Married,9714,5323,1,0,11,3,4,1,10,4,3,10,8,6,7,0,0.08
41,0,Travel_Rarely,933,Research & Development,9,4,Life Sciences,3,1,94,3,1,Laboratory Technician,1,Married,2238,6961,2,0,21,4,4,1,7,2,3,5,0,1,4,0,0.06
33,0,Non-Travel,530,Sales,16,3,Life Sciences,3,0,36,3,2,Sales Executive,4,Divorced,5368,16130,1,1,25,4,3,1,7,2,3,6,5,1,2,0,0.09
28,0,Travel_Rarely,857,Research & Development,10,3,Other,3,0,59,3,2,Research Scientist,3,Single,3660,7909,3,0,13,3,4,0,10,4,4,8,7,1,7,0,0.1
32,0,Travel_Frequently,1318,Sales,10,4,Marketing,4,1,79,3,2,Sales Executive,4,Single,4648,26075,8,0,13,3,3,0,4,2,4,0,0,0,0,0,0.25
32,0,Travel_Rarely,601,Sales,7,5,Marketing,4,1,97,3,2,Sales Executive,4,Married,9204,23343,4,0,12,3,3,1,7,3,2,4,3,0,3,0,0.12
37,0,Travel_Frequently,663,Research & Development,11,3,Other,2,1,47,3,3,Research Director,4,Divorced,12185,10056,1,1,14,3,3,3,10,1,3,10,8,0,7,0,0.09
46,0,Travel_Rarely,168,Sales,4,2,Marketing,4,0,33,2,5,Manager,2,Married,18789,9946,2,0,14,3,3,1,26,2,3,11,4,0,8,0,0.02
34,0,Travel_Rarely,829,Human Resources,3,2,Human Resources,3,1,88,3,1,Human Resources,4,Married,3737,2243,0,0,19,3,3,1,4,1,1,3,2,0,2,0,0.04
40,0,Travel_Rarely,989,Research & Development,4,1,Medical,4,0,46,3,5,Manager,3,Married,19033,6499,1,0,14,3,2,1,21,2,3,20,8,9,9,0,0.02
41,1,Travel_Rarely,1356,Sales,20,2,Marketing,2,0,70,3,1,Sales Representative,2,Single,3140,21728,1,1,22,4,4,0,4,5,2,4,3,0,2,0,0.25
27,0,Travel_Rarely,954,Sales,9,3,Marketing,4,1,44,3,2,Sales Executive,4,Single,4105,5099,1,0,14,3,1,0,7,5,3,7,7,0,7,0,0.11
58,0,Travel_Rarely,1055,Research & Development,1,3,Medical,4,0,76,3,5,Research Director,1,Married,19701,22456,3,1,21,4,3,1,32,3,3,9,8,1,5,0,0.11
48,1,Travel_Frequently,708,Sales,7,2,Medical,4,0,95,3,1,Sales Representative,3,Married,2655,11740,2,1,11,3,3,2,19,3,3,9,7,7,7,0,0.11
33,0,Travel_Frequently,827,Research & Development,1,4,Other,3,0,84,4,2,Healthcare Representative,2,Married,5488,20161,1,1,13,3,1,1,6,2,3,6,5,1,2,0,0.15
31,0,Travel_Rarely,655,Research & Development,7,4,Life Sciences,4,1,48,3,2,Laboratory Technician,4,Divorced,5915,9528,3,0,22,4,4,1,10,3,2,7,7,1,7,0,0.1
34,0,Travel_Rarely,937,Sales,1,3,Marketing,1,1,32,3,3,Sales Executive,4,Single,9888,6770,1,0,21,4,1,0,14,3,2,14,8,2,1,0,0.16
23,1,Travel_Rarely,427,Sales,7,3,Life Sciences,3,1,99,3,1,Sales Representative,4,Divorced,2275,25103,1,1,21,4,2,1,3,2,3,3,2,0,2,0,0.32
36,0,Travel_Rarely,530,Sales,2,4,Life Sciences,3,0,51,3,2,Sales Representative,4,Single,4502,7439,3,0,15,3,3,0,17,2,2,13,7,6,7,0,0.05
35,0,Travel_Rarely,1258,Research & Development,1,4,Life Sciences,4,0,40,4,1,Research Scientist,3,Single,2506,13301,3,0,13,3,3,0,7,0,3,2,2,2,2,0,0.13
33,1,Travel_Rarely,603,Sales,9,4,Marketing,1,0,77,3,2,Sales Executive,1,Single,8224,18385,0,1,17,3,1,0,6,3,3,5,2,0,3,0,0.31
25,0,Travel_Rarely,141,Sales,3,1,Other,3,1,98,3,2,Sales Executive,1,Married,4194,14363,1,1,18,3,4,0,5,3,3,5,3,0,3,0,0.11
59,0,Travel_Rarely,1429,Research & Development,18,4,Medical,4,1,67,3,3,Manufacturing Director,4,Single,10512,20002,6,0,12,3,4,0,25,6,2,9,7,5,4,0,0.08
35,0,Travel_Frequently,200,Research & Development,18,2,Life Sciences,3,1,60,3,3,Manufacturing Director,4,Single,9362,19944,2,0,11,3,3,0,10,2,3,2,2,2,2,0,0.08
31,0,Travel_Frequently,1327,Research & Development,3,4,Medical,2,1,73,3,3,Research Director,3,Divorced,13675,13523,9,0,12,3,1,1,9,3,3,2,2,2,2,0,0.11
40,0,Travel_Rarely,369,Research & Development,8,2,Life Sciences,2,0,92,3,2,Manufacturing Director,1,Married,6516,5041,2,1,16,3,2,1,18,3,3,1,0,0,0,0,0.15
27,0,Travel_Rarely,1240,Research & Development,2,4,Life Sciences,4,0,33,3,1,Laboratory Technician,1,Divorced,2341,19715,1,0,13,3,4,1,1,6,3,1,0,0,0,0,0.48
43,0,Travel_Rarely,574,Research & Development,11,3,Life Sciences,1,1,30,3,3,Healthcare Representative,3,Married,7510,16873,1,0,17,3,2,1,10,1,3,10,9,0,9,0,0.02
40,0,Travel_Frequently,1395,Research & Development,26,3,Medical,2,0,54,3,2,Research Scientist,2,Divorced,5605,8504,1,0,11,3,1,1,20,2,3,20,7,2,13,0,0.03
34,0,Travel_Rarely,1130,Research & Development,3,3,Life Sciences,4,0,66,3,2,Research Scientist,2,Divorced,5433,19332,1,0,12,3,3,1,11,2,3,11,8,7,9,0,0.02
32,0,Travel_Rarely,977,Research & Development,2,3,Medical,4,1,45,3,2,Research Scientist,2,Divorced,5470,25518,0,0,13,3,3,2,10,4,2,9,5,1,6,0,0.01
46,0,Travel_Frequently,1034,Research & Development,18,1,Medical,1,0,86,3,3,Healthcare Representative,3,Married,10527,8984,5,0,11,3,4,0,28,3,2,2,2,1,2,0,0.07
29,0,Travel_Frequently,461,Research & Development,1,3,Life Sciences,4,1,70,4,2,Healthcare Representative,3,Single,6294,23060,8,1,12,3,4,0,10,5,4,3,2,0,2,0,0.16
31,0,Travel_Frequently,715,Sales,2,4,Other,4,1,54,3,2,Sales Executive,1,Single,5332,21602,7,0,13,3,4,0,10,3,3,5,2,0,3,0,0.17
38,0,Non-Travel,1327,Sales,2,2,Life Sciences,4,1,39,2,2,Sales Executive,4,Married,5249,19682,3,0,18,3,4,1,13,0,3,8,7,7,5,0,0.09
21,0,Travel_Rarely,501,Sales,5,1,Medical,3,1,58,3,1,Sales Representative,1,Single,2380,25479,1,1,11,3,4,0,2,6,3,2,2,1,2,0,0.46
35,0,Travel_Frequently,138,Research & Development,2,3,Medical,2,0,37,3,2,Laboratory Technician,2,Single,4425,15986,5,0,11,3,4,0,10,5,3,6,2,1,2,0,0.13
36,1,Travel_Rarely,1218,Sales,9,4,Life Sciences,3,1,82,2,1,Sales Representative,1,Single,3407,6986,7,0,23,4,2,0,10,4,3,5,3,0,3,0,0.16
41,0,Travel_Rarely,334,Sales,2,4,Life Sciences,4,1,88,3,4,Manager,2,Single,16015,15896,1,0,19,3,2,0,22,2,3,22,10,0,4,0,0.04
32,0,Travel_Rarely,120,Research & Development,6,5,Life Sciences,3,1,43,3,1,Research Scientist,3,Single,3038,12430,3,0,20,4,1,0,8,2,3,5,4,1,4,0,0.14
37,0,Travel_Rarely,589,Sales,9,2,Marketing,2,1,46,2,2,Sales Executive,2,Married,4189,8800,1,0,14,3,1,2,5,2,3,5,2,0,3,0,0.09
43,0,Travel_Frequently,775,Sales,15,3,Life Sciences,4,1,47,2,2,Sales Executive,4,Married,6804,23683,3,0,18,3,3,1,7,5,3,2,2,2,2,0,0.1
34,0,Travel_Rarely,704,Sales,28,3,Marketing,4,0,95,2,2,Sales Executive,3,Married,6712,8978,1,0,21,4,4,2,8,2,3,8,7,1,7,0,0.03
30,0,Travel_Rarely,853,Research & Development,7,4,Life Sciences,3,1,49,3,2,Laboratory Technician,3,Divorced,3491,11309,1,0,13,3,1,3,10,4,2,10,7,8,9,0,0.11
42,0,Travel_Rarely,691,Sales,8,4,Marketing,3,1,48,3,2,Sales Executive,2,Married,6825,21173,0,0,11,3,4,1,10,2,3,9,7,4,2,0,0.06
34,0,Travel_Frequently,829,Research & Development,15,3,Medical,2,1,71,3,4,Research Director,1,Divorced,17007,11929,7,0,14,3,4,2,16,3,2,14,8,6,9,0,0.06
53,0,Non-Travel,661,Research & Development,1,4,Medical,1,0,60,2,4,Manufacturing Director,3,Married,12965,22308,4,1,20,4,4,3,27,2,2,3,2,0,2,0,0.09
24,0,Travel_Frequently,567,Research & Development,2,1,Technical Degree,1,0,32,3,1,Research Scientist,4,Single,3760,17218,1,1,13,3,3,0,6,2,3,6,3,1,3,0,0.29
27,0,Travel_Rarely,511,Sales,2,2,Medical,1,0,89,4,2,Sales Executive,3,Single,6500,26997,0,0,14,3,2,0,9,5,2,8,7,0,7,0,0.08
53,0,Travel_Rarely,447,Research & Development,2,3,Medical,4,1,39,4,4,Research Director,2,Single,16598,19764,4,0,12,3,2,0,35,2,2,9,8,8,8,0,0.11
43,0,Travel_Rarely,920,Research & Development,3,3,Life Sciences,3,1,96,1,5,Research Director,4,Married,19740,18625,3,0,14,3,2,1,25,2,3,8,7,0,7,0,0.02
28,0,Travel_Frequently,783,Sales,1,2,Life Sciences,3,1,42,2,2,Sales Executive,4,Married,6834,19255,1,1,12,3,3,1,7,2,3,7,7,0,7,0,0.08
36,0,Travel_Rarely,1041,Human Resources,13,3,Human Resources,3,1,36,3,1,Human Resources,2,Married,2143,25527,4,0,13,3,2,1,8,2,3,5,2,0,4,0,0.19
20,1,Travel_Rarely,129,Research & Development,4,3,Technical Degree,1,1,84,3,1,Laboratory Technician,1,Single,2973,13008,1,0,19,3,2,0,1,2,3,1,0,0,0,1,0.54
28,0,Travel_Frequently,193,Research & Development,2,3,Life Sciences,4,1,52,2,1,Laboratory Technician,4,Married,3867,14222,1,1,12,3,2,1,2,2,3,2,2,2,2,0,0.25
40,0,Non-Travel,218,Research & Development,8,1,Medical,4,1,55,2,3,Research Director,2,Divorced,13757,25178,2,0,11,3,3,1,16,5,3,9,8,4,8,0,0.03
35,0,Travel_Rarely,1229,Research & Development,8,1,Life Sciences,4,1,36,4,1,Laboratory Technician,4,Married,2269,4892,1,0,19,3,4,0,1,2,3,1,0,0,1,0,0.3
37,1,Travel_Rarely,1373,Research & Development,2,2,Other,4,1,92,2,1,Laboratory Technician,3,Single,2090,2396,6,1,15,3,2,0,7,3,3,0,0,0,0,0,0.38
28,0,Travel_Rarely,1451,Research & Development,2,1,Life Sciences,1,1,67,2,1,Research Scientist,2,Married,3201,19911,0,0,17,3,1,0,6,2,1,5,3,0,4,0,0.13
32,1,Travel_Rarely,515,Research & Development,1,3,Life Sciences,4,1,62,2,1,Laboratory Technician,3,Single,3730,9571,0,1,14,3,4,0,4,2,1,3,2,1,2,0,0.24
30,0,Travel_Rarely,1092,Research & Development,10,3,Medical,1,0,64,3,3,Manufacturing Director,3,Single,9667,2739,9,0,14,3,2,0,9,3,3,7,7,0,2,0,0.16
26,0,Travel_Rarely,703,Sales,28,2,Marketing,1,1,66,3,2,Sales Executive,2,Married,6272,7428,1,0,20,4,4,2,6,5,4,5,3,1,4,0,0.1
29,0,Travel_Frequently,1404,Sales,20,3,Technical Degree,3,0,84,3,1,Sales Representative,4,Married,2157,18203,1,0,15,3,2,1,3,5,3,3,1,0,2,0,0.24
44,0,Travel_Rarely,1199,Research & Development,4,2,Life Sciences,3,1,92,4,5,Manager,1,Divorced,19190,17477,1,0,14,3,4,2,26,4,2,25,9,14,13,0,0.03
56,1,Travel_Rarely,441,Research & Development,14,4,Life Sciences,2,0,72,3,1,Research Scientist,2,Married,4963,4510,9,1,18,3,1,3,7,2,3,5,4,4,3,0,0.16
29,0,Travel_Rarely,657,Research & Development,27,3,Medical,2,0,66,3,2,Healthcare Representative,3,Married,4335,25549,4,0,12,3,1,1,11,3,2,8,7,1,1,0,0.12
48,0,Travel_Rarely,969,Research & Development,2,2,Technical Degree,4,1,76,4,1,Laboratory Technician,2,Single,2559,16620,5,0,11,3,3,0,7,4,2,1,0,0,0,0,0.22
49,0,Travel_Rarely,722,Research & Development,25,4,Life Sciences,3,0,84,3,1,Laboratory Technician,1,Married,3211,22102,1,0,14,3,4,1,10,3,2,9,6,1,4,0,0.1
35,0,Non-Travel,1180,Research & Development,2,2,Medical,2,1,90,3,2,Manufacturing Director,4,Divorced,5762,24442,2,0,14,3,3,1,15,6,3,7,7,1,7,0,0.0
31,0,Travel_Rarely,408,Research & Development,9,4,Life Sciences,3,1,42,2,1,Research Scientist,2,Single,2657,7551,0,1,16,3,4,0,3,5,3,2,2,2,2,0,0.32
46,0,Travel_Rarely,563,Sales,1,4,Life Sciences,4,1,56,4,4,Manager,1,Single,17567,3156,1,0,15,3,2,0,27,5,1,26,0,0,12,0,0.2
36,0,Travel_Rarely,559,Research & Development,12,4,Life Sciences,3,0,76,3,2,Manufacturing Director,3,Married,4663,12421,9,1,12,3,2,2,7,2,3,3,2,1,1,0,0.14
28,0,Travel_Rarely,995,Research & Development,9,3,Medical,3,0,77,3,1,Research Scientist,3,Divorced,2377,9834,5,0,18,3,2,1,6,2,3,2,2,2,2,0,0.11
36,0,Travel_Frequently,1195,Research & Development,11,3,Life Sciences,2,1,95,2,2,Manufacturing Director,2,Single,6499,22656,1,0,13,3,3,0,6,3,3,6,5,0,3,0,0.12
24,0,Non-Travel,673,Research & Development,11,2,Other,1,0,96,4,2,Manufacturing Director,3,Divorced,4011,8232,0,0,18,3,4,1,5,5,2,4,2,1,3,0,0.05
38,0,Travel_Frequently,471,Research & Development,12,3,Life Sciences,1,1,45,2,2,Healthcare Representative,1,Divorced,6288,4284,2,0,15,3,3,1,13,3,2,4,3,1,2,0,0.08
24,0,Travel_Rarely,691,Research & Development,23,3,Medical,2,1,89,4,1,Research Scientist,4,Married,2725,21630,1,1,11,3,2,2,6,3,3,6,5,1,4,0,0.19
29,0,Travel_Rarely,590,Research & Development,4,3,Technical Degree,4,0,91,2,1,Research Scientist,1,Divorced,2109,10007,1,0,13,3,3,1,1,2,3,1,0,0,0,0,0.31
45,0,Travel_Rarely,1005,Research & Development,28,2,Technical Degree,4,0,48,2,4,Research Director,2,Single,16704,17119,1,0,11,3,3,0,21,2,3,21,6,8,6,0,0.01
38,0,Travel_Frequently,693,Research & Development,7,3,Life Sciences,4,1,57,4,1,Research Scientist,3,Divorced,2610,15748,1,0,11,3,4,3,4,2,3,4,2,0,3,0,0.06
35,0,Travel_Rarely,809,Research & Development,16,3,Medical,1,1,84,4,1,Laboratory Technician,2,Married,2426,16479,0,0,13,3,3,1,6,5,3,5,4,0,3,0,0.07
44,0,Travel_Rarely,1117,Research & Development,2,1,Life Sciences,1,0,72,4,1,Research Scientist,4,Married,2011,19982,1,0,13,3,4,1,10,5,3,10,5,7,7,0,0.05
35,1,Travel_Frequently,880,Sales,12,4,Other,4,1,36,3,2,Sales Executive,4,Single,4581,10414,3,1,24,4,1,0,13,2,4,11,9,6,7,0,0.26
25,0,Travel_Rarely,583,Sales,4,1,Marketing,3,1,87,2,2,Sales Executive,1,Married,4256,18154,1,0,12,3,1,0,5,1,4,5,2,0,3,0,0.19
37,0,Travel_Rarely,408,Research & Development,19,2,Life Sciences,2,1,73,3,1,Research Scientist,2,Married,3022,10227,4,0,21,4,1,0,8,1,3,1,0,0,0,0,0.27
42,0,Non-Travel,179,Human Resources,2,5,Medical,4,1,79,4,2,Human Resources,1,Married,6272,12858,7,0,16,3,1,1,10,3,4,4,3,0,3,0,0.06
35,1,Travel_Frequently,662,Sales,18,4,Marketing,4,0,67,3,2,Sales Executive,3,Married,4614,23288,0,1,18,3,3,1,5,0,2,4,2,3,2,0,0.16
49,0,Travel_Rarely,174,Sales,8,4,Technical Degree,4,1,56,2,4,Sales Executive,2,Married,13120,11879,6,0,17,3,2,1,22,3,3,9,8,2,3,0,0.19
34,0,Travel_Rarely,943,Research & Development,9,3,Life Sciences,4,1,86,3,3,Healthcare Representative,4,Divorced,8500,5494,0,0,11,3,4,1,10,0,2,9,7,1,6,0,0.04
35,0,Travel_Rarely,819,Research & Development,18,5,Life Sciences,2,1,48,4,2,Research Scientist,1,Married,5208,26312,1,0,11,3,4,0,16,2,3,16,15,1,10,0,0.09
54,0,Travel_Rarely,1082,Sales,2,4,Life Sciences,3,0,41,2,3,Sales Executive,3,Married,10686,8392,6,0,11,3,2,1,13,4,3,9,4,7,0,0,0.1
31,1,Travel_Rarely,330,Research & Development,22,4,Medical,4,1,98,3,2,Manufacturing Director,3,Married,6179,21057,1,1,15,3,4,2,10,3,2,10,2,6,7,0,0.08
54,0,Travel_Rarely,157,Research & Development,10,3,Medical,3,0,77,3,2,Manufacturing Director,1,Single,4440,25198,6,1,19,3,4,0,9,3,3,5,2,1,4,0,0.11
55,0,Travel_Rarely,685,Sales,26,5,Marketing,3,1,60,2,5,Manager,4,Married,19586,23037,1,0,21,4,3,1,36,3,3,36,6,2,13,0,0.07
44,0,Travel_Rarely,170,Research & Development,1,4,Life Sciences,2,1,78,4,2,Healthcare Representative,1,Married,5033,9364,2,0,15,3,4,1,10,5,3,2,0,2,2,0,0.04
30,0,Travel_Rarely,946,Research & Development,2,3,Medical,3,0,52,2,2,Manufacturing Director,4,Single,6877,20234,5,1,24,4,2,0,12,4,2,0,0,0,0,0,0.26
32,0,Travel_Rarely,529,Research & Development,2,3,Technical Degree,4,1,78,3,1,Research Scientist,1,Single,2439,11288,1,0,14,3,4,0,4,4,3,4,2,1,2,0,0.04
27,0,Travel_Rarely,1302,Research & Development,19,3,Other,4,1,67,2,1,Laboratory Technician,1,Divorced,4066,16290,1,0,11,3,1,2,7,3,3,7,7,0,7,0,0.09
41,0,Travel_Frequently,857,Research & Development,10,3,Life Sciences,4,1,91,2,4,Manager,1,Divorced,17181,12888,4,0,13,3,2,1,21,2,2,7,6,7,7,0,0.02
44,1,Travel_Rarely,621,Research & Development,15,3,Medical,1,0,73,3,3,Healthcare Representative,4,Married,7978,14075,1,0,11,3,4,1,10,2,3,10,7,0,5,0,0.1
29,1,Travel_Rarely,906,Research & Development,10,3,Life Sciences,4,0,92,2,1,Research Scientist,1,Single,2404,11479,6,1,20,4,3,0,3,5,3,0,0,0,0,1,0.6
26,1,Travel_Frequently,575,Research & Development,3,1,Technical Degree,3,1,73,3,1,Research Scientist,1,Single,3102,6582,0,0,22,4,3,0,7,2,3,6,4,0,4,0,0.14
31,0,Travel_Rarely,1276,Research & Development,2,1,Medical,4,0,59,1,1,Laboratory Technician,4,Divorced,1129,17536,1,1,11,3,3,3,1,4,3,1,0,0,0,0,0.48
31,0,Travel_Frequently,793,Sales,20,3,Life Sciences,3,1,67,4,1,Sales Representative,4,Married,2791,21981,0,0,12,3,1,1,3,4,3,2,2,2,2,0,0.19
35,0,Travel_Frequently,146,Research & Development,2,4,Medical,1,1,79,2,1,Research Scientist,4,Single,4930,13970,0,1,14,3,3,0,6,2,4,5,4,1,4,0,0.17
25,1,Travel_Frequently,599,Sales,24,1,Life Sciences,3,1,73,1,1,Sales Representative,4,Single,1118,8040,1,1,14,3,4,0,1,4,3,1,0,1,0,1,0.75
36,0,Travel_Frequently,1467,Sales,11,2,Technical Degree,2,0,92,3,3,Sales Executive,4,Married,9738,22952,0,0,14,3,3,1,10,6,3,9,7,2,8,0,0.15
24,0,Travel_Rarely,1206,Research & Development,17,1,Medical,4,0,41,2,2,Manufacturing Director,3,Divorced,4377,24117,1,0,15,3,2,2,5,6,3,4,2,3,2,0,0.04
38,0,Travel_Rarely,1404,Sales,1,3,Life Sciences,1,1,59,2,1,Sales Representative,1,Single,2858,11473,4,0,14,3,1,0,20,3,2,1,0,0,0,0,0.39
56,0,Travel_Rarely,1255,Research & Development,1,2,Life Sciences,1,0,90,3,1,Research Scientist,1,Married,2066,10494,2,0,22,4,4,1,5,3,4,3,2,1,0,0,0.15
55,0,Travel_Rarely,836,Research & Development,2,4,Technical Degree,2,1,98,2,1,Research Scientist,4,Married,2662,7975,8,0,20,4,2,1,19,2,4,5,2,0,4,0,0.09
27,0,Travel_Rarely,618,Research & Development,4,3,Life Sciences,2,0,76,3,1,Research Scientist,3,Single,2318,17808,1,0,19,3,3,0,1,2,3,1,1,0,0,0,0.5
42,0,Travel_Rarely,188,Research & Development,29,3,Medical,2,1,56,1,2,Laboratory Technician,4,Single,4272,9558,4,0,19,3,1,0,16,3,3,1,0,0,0,0,0.23
38,0,Travel_Rarely,268,Research & Development,2,5,Medical,4,1,92,3,1,Research Scientist,3,Married,3057,20471,6,1,13,3,2,1,6,0,1,1,0,0,1,0,0.17
30,0,Travel_Rarely,1138,Research & Development,6,3,Technical Degree,1,0,48,2,2,Laboratory Technician,4,Married,4627,23631,0,0,12,3,1,1,10,6,3,9,2,6,7,0,0.08
29,1,Travel_Rarely,341,Sales,1,3,Medical,2,0,48,2,1,Sales Representative,3,Divorced,2800,23522,6,1,19,3,3,3,5,3,3,3,2,0,2,0,0.27
35,1,Travel_Rarely,303,Sales,27,3,Life Sciences,3,1,84,3,2,Sales Executive,4,Single,5813,13492,1,1,18,3,4,0,10,2,3,10,7,7,7,0,0.22
37,0,Travel_Rarely,228,Sales,6,4,Medical,3,1,98,3,2,Sales Executive,4,Married,6502,22825,4,0,14,3,2,1,7,5,4,5,4,0,1,0,0.12
29,0,Travel_Rarely,1082,Research & Development,9,4,Medical,4,0,43,3,1,Laboratory Technician,3,Married,2974,25412,9,0,17,3,3,1,9,2,3,5,3,1,2,0,0.06
27,0,Travel_Rarely,894,Research & Development,9,3,Medical,4,0,99,3,1,Research Scientist,2,Single,2279,11781,1,0,16,3,4,0,7,2,2,7,7,0,3,0,0.14
35,0,Non-Travel,1097,Research & Development,11,2,Medical,3,1,79,2,3,Healthcare Representative,1,Married,9884,8302,2,1,13,3,3,1,10,3,3,4,0,2,3,0,0.04
43,0,Travel_Rarely,982,Research & Development,12,3,Life Sciences,1,1,59,2,4,Research Director,2,Divorced,14336,4345,1,0,11,3,3,1,25,3,3,25,10,3,9,0,0.03
22,1,Travel_Frequently,1368,Research & Development,4,1,Technical Degree,3,1,99,2,1,Laboratory Technician,3,Single,3894,9129,5,0,16,3,3,0,4,3,3,2,2,1,2,0,0.24
38,0,Travel_Frequently,653,Research & Development,29,5,Life Sciences,4,0,50,3,2,Laboratory Technician,4,Single,2406,5456,1,0,11,3,4,0,10,2,3,10,3,9,9,0,0.16
28,1,Non-Travel,1366,Research & Development,24,2,Technical Degree,2,1,72,2,3,Healthcare Representative,1,Single,8722,12355,1,0,12,3,1,0,10,2,2,10,7,1,9,0,0.15
18,0,Travel_Rarely,812,Sales,10,3,Medical,4,0,69,2,1,Sales Representative,3,Single,1200,9724,1,0,12,3,1,0,0,2,3,0,0,0,0,1,0.81
24,0,Non-Travel,830,Sales,13,2,Life Sciences,4,0,78,3,1,Sales Representative,2,Married,2033,7103,1,0,13,3,3,1,1,2,3,1,0,0,0,1,0.61
46,0,Travel_Rarely,228,Sales,3,3,Life Sciences,3,0,51,3,4,Manager,2,Married,16606,11380,8,0,12,3,4,1,23,2,4,13,12,5,1,0,0.06
24,0,Travel_Rarely,823,Research & Development,17,2,Other,4,1,94,2,1,Laboratory Technician,2,Married,2127,9100,1,0,21,4,4,1,1,2,3,1,0,0,0,1,0.52
52,0,Travel_Frequently,322,Research & Development,28,2,Medical,4,0,59,4,4,Manufacturing Director,3,Married,13247,9731,2,1,11,3,2,1,24,3,2,5,3,0,2,0,0.1
32,0,Travel_Rarely,371,Sales,19,3,Life Sciences,4,1,80,1,3,Sales Executive,3,Married,9610,3840,3,0,13,3,3,1,10,2,1,4,3,0,2,0,0.14
46,0,Travel_Frequently,1211,Sales,5,4,Marketing,1,1,98,3,2,Sales Executive,4,Single,5772,20445,4,1,21,4,3,0,14,4,3,9,6,0,8,0,0.19
22,0,Travel_Rarely,1256,Research & Development,19,1,Medical,3,1,80,3,1,Research Scientist,4,Married,2323,11992,1,0,24,4,1,2,2,6,3,2,2,2,2,0,0.17
34,0,Travel_Rarely,181,Research & Development,2,4,Medical,4,1,97,4,1,Research Scientist,4,Married,2932,5586,0,1,14,3,1,3,6,3,3,5,0,1,2,0,0.13
29,1,Travel_Rarely,896,Research & Development,18,1,Medical,3,1,86,2,1,Research Scientist,4,Single,2389,14961,1,1,13,3,3,0,4,3,2,4,3,0,1,0,0.38
51,0,Travel_Rarely,1469,Research & Development,8,4,Life Sciences,2,1,81,2,3,Research Director,2,Married,12490,15736,5,0,16,3,4,2,16,5,1,10,9,4,7,0,0.05
44,1,Travel_Rarely,935,Research & Development,3,3,Life Sciences,1,1,89,3,1,Laboratory Technician,1,Married,2362,14669,4,0,12,3,3,0,10,4,4,3,2,1,2,0,0.13
22,1,Travel_Frequently,1256,Research & Development,3,4,Life Sciences,3,1,48,2,1,Research Scientist,4,Married,2853,4223,0,1,11,3,2,1,1,5,3,0,0,0,0,0,0.31
26,0,Travel_Rarely,1384,Research & Development,3,4,Medical,1,1,82,4,1,Laboratory Technician,4,Married,4420,13421,1,0,22,4,2,1,8,2,3,8,7,0,7,0,0.1
35,0,Travel_Rarely,185,Research & Development,23,4,Medical,2,1,91,1,1,Laboratory Technician,3,Married,2705,9696,0,0,16,3,2,1,6,2,4,5,4,0,3,0,0.06
30,0,Travel_Rarely,125,Research & Development,9,2,Medical,4,1,83,2,1,Laboratory Technician,3,Single,2206,16117,1,0,13,3,1,0,10,5,3,10,0,1,8,0,0.17
41,0,Non-Travel,256,Sales,10,2,Medical,3,1,40,1,2,Sales Executive,2,Single,6151,22074,1,0,13,3,1,0,19,4,3,19,2,11,9,0,0.16
37,1,Travel_Rarely,1141,Research & Development,11,2,Medical,1,0,61,1,2,Healthcare Representative,2,Married,4777,14382,5,0,15,3,1,0,15,2,1,1,0,0,0,0,0.44
33,0,Travel_Rarely,832,Research & Development,5,4,Life Sciences,3,0,63,2,1,Research Scientist,4,Married,2911,14776,1,0,13,3,3,1,2,2,2,2,2,0,2,0,0.1
31,0,Travel_Rarely,154,Sales,7,4,Life Sciences,2,1,41,2,1,Sales Representative,3,Married,2329,11737,3,0,15,3,2,0,13,2,4,7,7,5,2,0,0.16
55,0,Travel_Rarely,478,Research & Development,2,3,Medical,3,1,60,2,5,Research Director,1,Married,19038,19805,8,0,12,3,2,3,34,2,3,1,0,0,0,0,0.09
36,0,Travel_Rarely,1403,Research & Development,6,3,Life Sciences,4,1,47,3,1,Laboratory Technician,4,Married,3210,20251,0,0,11,3,3,1,16,4,3,15,13,10,11,0,0.03
51,0,Travel_Frequently,541,Sales,2,3,Marketing,2,1,52,3,3,Sales Executive,2,Married,10596,15395,2,0,11,3,2,0,14,5,3,4,2,3,2,0,0.22
54,0,Travel_Rarely,685,Research & Development,3,3,Life Sciences,4,1,85,3,4,Research Director,4,Married,17779,23474,3,0,14,3,1,0,36,2,3,10,9,0,9,0,0.03
36,0,Travel_Rarely,216,Research & Development,6,2,Medical,2,1,84,3,2,Manufacturing Director,2,Divorced,4941,2819,6,0,20,4,4,2,7,0,3,3,2,0,1,0,0.07
51,0,Travel_Rarely,684,Research & Development,6,3,Life Sciences,1,1,51,3,5,Research Director,3,Single,19537,6462,7,0,13,3,3,0,23,5,3,20,18,15,15,0,0.18
29,1,Travel_Rarely,992,Research & Development,1,3,Technical Degree,3,1,85,3,1,Research Scientist,3,Single,2058,19757,0,0,14,3,4,0,7,1,2,6,2,1,5,0,0.06
55,0,Travel_Rarely,282,Research & Development,2,2,Medical,4,0,58,1,5,Manager,3,Married,19187,6992,4,0,14,3,4,1,23,5,3,19,9,9,11,0,0.07
55,0,Travel_Frequently,135,Research & Development,18,4,Medical,3,1,62,3,2,Healthcare Representative,2,Married,6385,12992,3,1,14,3,4,2,17,3,3,8,7,6,7,0,0.12
37,0,Travel_Rarely,799,Research & Development,1,3,Technical Degree,2,0,59,3,3,Manufacturing Director,4,Single,7491,23848,4,0,17,3,4,0,12,3,4,6,5,1,2,0,0.05
47,1,Travel_Frequently,719,Sales,27,2,Life Sciences,2,0,77,4,2,Sales Executive,3,Single,6397,10339,4,1,12,3,4,0,8,2,3,5,4,1,3,0,0.31
50,0,Travel_Rarely,1464,Research & Development,2,4,Medical,2,1,62,3,5,Research Director,3,Married,19237,12853,2,1,11,3,4,1,29,2,2,8,1,7,7,0,0.06
52,0,Travel_Rarely,699,Research & Development,1,4,Life Sciences,3,1,65,2,5,Manager,3,Married,19999,5678,0,0,14,3,1,1,34,5,3,33,18,11,9,0,0.02
39,0,Travel_Frequently,443,Research & Development,8,1,Life Sciences,3,0,48,3,1,Laboratory Technician,3,Married,3755,17872,1,0,11,3,1,1,8,3,3,8,3,0,7,0,0.05
27,0,Travel_Rarely,728,Sales,23,1,Medical,2,0,36,2,2,Sales Representative,3,Married,3540,7018,1,0,21,4,4,1,9,5,3,9,8,5,8,0,0.16
35,0,Travel_Rarely,992,Research & Development,1,3,Medical,4,1,68,2,1,Laboratory Technician,1,Single,2450,21731,1,0,19,3,2,0,3,3,3,3,0,1,2,0,0.13
37,0,Travel_Frequently,319,Sales,4,4,Marketing,1,1,41,3,1,Sales Representative,4,Divorced,2793,2539,4,0,17,3,3,1,13,2,3,9,8,5,8,0,0.1
51,0,Travel_Rarely,1169,Research & Development,7,4,Medical,2,1,34,2,2,Manufacturing Director,3,Married,6132,13983,2,0,17,3,3,0,10,2,3,1,0,0,0,0,0.13
40,1,Travel_Rarely,299,Sales,25,4,Marketing,4,1,57,2,3,Sales Executive,2,Single,9094,17235,2,1,12,3,3,0,9,2,3,5,4,1,0,0,0.41
29,0,Travel_Frequently,490,Research & Development,10,3,Life Sciences,4,0,61,3,1,Research Scientist,2,Divorced,3291,17940,0,0,14,3,4,2,8,2,2,7,5,1,1,0,0.12
34,0,Travel_Rarely,1351,Research & Development,1,4,Life Sciences,2,1,45,3,2,Research Scientist,4,Married,5484,13008,9,0,17,3,2,1,9,3,2,2,2,2,1,0,0.06
37,0,Travel_Rarely,124,Research & Development,3,3,Other,4,0,35,3,2,Healthcare Representative,2,Single,4107,13848,3,0,15,3,1,0,8,3,2,4,3,0,1,0,0.17
24,1,Travel_Rarely,693,Sales,3,2,Life Sciences,1,0,65,3,2,Sales Executive,3,Single,4577,24785,9,0,14,3,1,0,4,3,3,2,2,2,0,0,0.29
43,0,Travel_Rarely,1034,Sales,16,3,Marketing,4,0,80,3,4,Manager,4,Married,16064,7744,5,1,22,4,3,1,22,3,3,17,13,1,9,0,0.06
45,0,Travel_Rarely,1234,Sales,11,2,Life Sciences,4,0,90,3,4,Manager,4,Married,17650,5404,3,0,13,3,2,1,26,4,4,9,3,1,1,0,0.04
31,0,Travel_Rarely,140,Research & Development,12,1,Medical,3,0,95,3,1,Research Scientist,4,Married,3929,6984,8,1,23,4,3,1,7,0,3,4,2,0,2,0,0.15
45,0,Travel_Rarely,1457,Research & Development,7,3,Medical,1,0,83,3,1,Research Scientist,3,Married,4477,20100,4,1,19,3,3,1,7,2,2,3,2,0,2,0,0.07
47,0,Travel_Rarely,1180,Research & Development,25,3,Medical,1,1,84,3,3,Healthcare Representative,3,Single,8633,13084,2,0,23,4,2,0,25,3,3,17,14,12,11,0,0.09
31,0,Travel_Rarely,196,Sales,29,4,Marketing,1,0,91,2,2,Sales Executive,4,Married,5468,13402,1,0,14,3,1,2,13,3,3,12,7,5,7,0,0.13
30,0,Travel_Frequently,721,Research & Development,1,2,Medical,3,0,58,3,2,Laboratory Technician,4,Single,4011,10781,1,0,23,4,4,0,12,2,3,12,8,3,7,0,0.08
53,1,Travel_Rarely,607,Research & Development,2,5,Technical Degree,3,0,78,2,3,Manufacturing Director,4,Married,10169,14618,0,0,16,3,2,1,34,4,3,33,7,1,9,0,0.04
56,0,Travel_Rarely,1443,Sales,11,5,Marketing,4,0,89,2,2,Sales Executive,1,Married,5380,20328,4,0,16,3,3,1,6,3,3,0,0,0,0,0,0.15
34,0,Travel_Rarely,546,Research & Development,10,3,Life Sciences,2,1,83,3,1,Laboratory Technician,2,Divorced,2008,6896,1,0,14,3,2,2,1,3,3,1,0,1,0,0,0.41
46,0,Travel_Rarely,1277,Sales,2,3,Life Sciences,3,1,74,3,3,Sales Executive,4,Divorced,10368,5596,4,1,12,3,2,1,13,5,2,10,6,0,3,0,0.13
41,1,Non-Travel,906,Research & Development,5,2,Life Sciences,1,1,95,2,1,Research Scientist,1,Divorced,2107,20293,6,0,17,3,1,1,5,2,1,1,0,0,0,0,0.18
41,0,Travel_Rarely,582,Research & Development,28,4,Life Sciences,1,0,60,2,4,Manufacturing Director,2,Married,13570,5640,0,0,23,4,3,1,21,3,3,20,7,0,10,0,0.07
19,1,Travel_Rarely,419,Sales,21,3,Other,4,1,37,2,1,Sales Representative,2,Single,2121,9947,1,1,13,3,2,0,1,3,4,1,0,0,0,1,0.82
39,0,Non-Travel,1251,Sales,21,4,Life Sciences,1,0,32,1,2,Sales Executive,3,Married,5736,3987,6,0,19,3,3,1,10,1,3,3,2,1,2,0,0.08
38,0,Travel_Frequently,1391,Research & Development,10,1,Medical,3,1,66,3,1,Research Scientist,3,Married,2684,12127,0,0,17,3,2,1,3,0,2,2,1,0,2,0,0.08
29,0,Travel_Rarely,1090,Sales,10,3,Marketing,4,1,83,3,1,Sales Representative,2,Divorced,2297,17967,1,0,14,3,4,2,2,2,3,2,2,2,2,0,0.23
48,0,Travel_Rarely,163,Sales,2,5,Marketing,2,0,37,3,2,Sales Executive,4,Married,4051,19658,2,0,14,3,1,1,14,2,3,9,7,6,7,0,0.05
44,0,Travel_Rarely,200,Research & Development,29,4,Other,4,1,32,3,2,Research Scientist,4,Single,4541,7744,1,0,25,4,2,0,20,3,3,20,11,13,17,0,0.13
41,0,Travel_Rarely,1411,Research & Development,19,2,Life Sciences,3,1,36,3,2,Research Scientist,1,Divorced,3072,19877,2,0,16,3,1,2,17,2,2,1,0,0,0,0,0.18
59,0,Travel_Rarely,1435,Sales,25,3,Life Sciences,1,0,99,3,3,Sales Executive,1,Single,7637,2354,7,0,11,3,4,0,28,3,2,21,16,7,9,0,0.2
27,0,Travel_Rarely,1130,Sales,8,4,Marketing,2,0,56,3,2,Sales Executive,2,Married,6214,3415,1,0,18,3,1,1,8,3,3,8,7,0,7,0,0.08
38,0,Non-Travel,1336,Human Resources,2,3,Human Resources,1,1,100,3,1,Human Resources,2,Divorced,2592,7129,5,0,13,3,4,3,13,3,3,11,10,3,8,0,0.12
46,0,Travel_Rarely,430,Research & Development,1,4,Medical,4,1,40,3,5,Research Director,4,Divorced,19627,21445,9,0,17,3,4,2,23,0,3,2,2,2,2,0,0.12
42,0,Travel_Rarely,933,Research & Development,29,3,Life Sciences,2,1,98,3,2,Manufacturing Director,2,Married,4434,11806,1,0,13,3,4,1,10,3,2,9,8,7,8,0,0.07
49,0,Travel_Rarely,464,Research & Development,16,3,Medical,4,0,74,3,1,Laboratory Technician,1,Divorced,2587,24941,4,1,16,3,2,1,17,2,2,2,2,2,2,0,0.17
30,0,Travel_Rarely,911,Research & Development,1,2,Medical,4,1,76,3,1,Laboratory Technician,2,Married,3748,4077,1,0,13,3,3,0,12,6,2,12,8,1,7,0,0.07
24,0,Travel_Rarely,1371,Sales,10,4,Marketing,4,0,77,3,2,Sales Executive,3,Divorced,4260,5915,1,1,12,3,4,1,5,2,4,5,2,0,3,0,0.12
24,0,Travel_Rarely,477,Research & Development,24,3,Medical,4,1,49,3,1,Laboratory Technician,2,Single,3597,6409,8,0,22,4,4,0,6,2,3,4,3,1,2,0,0.14
52,0,Non-Travel,585,Sales,29,4,Life Sciences,1,1,40,3,1,Sales Representative,4,Divorced,3482,19788,2,0,15,3,2,2,16,3,2,9,8,0,0,0,0.17
51,1,Travel_Rarely,1323,Research & Development,4,4,Life Sciences,1,1,34,3,1,Research Scientist,3,Married,2461,10332,9,1,12,3,3,3,18,2,4,10,0,2,7,0,0.17
20,1,Travel_Frequently,871,Research & Development,6,3,Life Sciences,4,0,66,2,1,Laboratory Technician,4,Single,2926,19783,1,1,18,3,2,0,1,5,3,1,0,1,0,1,0.6
41,0,Travel_Rarely,1283,Research & Development,5,5,Medical,2,1,90,4,1,Research Scientist,3,Married,2127,5561,2,1,12,3,1,0,7,5,2,4,2,0,3,0,0.27
32,0,Non-Travel,1146,Research & Development,15,4,Medical,3,0,34,3,2,Healthcare Representative,4,Divorced,6667,16542,5,0,18,3,2,1,9,6,3,5,1,1,2,0,0.04
37,0,Travel_Rarely,1372,Research & Development,1,3,Life Sciences,4,0,42,3,1,Research Scientist,4,Single,2115,15881,1,0,12,3,2,0,17,3,3,17,12,5,7,0,0.07
30,1,Travel_Frequently,109,Research & Development,5,3,Medical,2,0,60,3,1,Laboratory Technician,2,Single,2422,25725,0,0,17,3,1,0,4,3,3,3,2,1,2,0,0.14
37,0,Travel_Rarely,1239,Human Resources,8,2,Other,3,1,89,3,2,Human Resources,2,Divorced,4071,12832,2,0,13,3,3,0,19,4,2,10,0,4,7,0,0.07
45,0,Travel_Rarely,1316,Research & Development,29,3,Medical,3,1,83,3,1,Research Scientist,4,Single,3452,9752,5,0,13,3,2,0,9,2,2,6,5,0,3,0,0.1
34,0,Travel_Frequently,426,Research & Development,10,4,Life Sciences,3,1,42,4,2,Manufacturing Director,4,Divorced,4724,17000,1,0,13,3,1,1,9,3,3,9,7,7,2,0,0.07
31,0,Travel_Frequently,1125,Research & Development,1,3,Life Sciences,4,1,48,1,2,Research Scientist,1,Married,5003,5771,1,0,21,4,2,0,10,6,3,10,8,8,7,0,0.12
31,1,Travel_Rarely,542,Sales,20,3,Life Sciences,2,0,71,1,2,Sales Executive,3,Married,4559,24788,3,1,11,3,3,1,4,2,3,2,2,2,2,0,0.24
21,1,Travel_Frequently,756,Sales,1,1,Technical Degree,1,0,99,2,1,Sales Representative,2,Single,2174,9150,1,1,11,3,3,0,3,3,3,3,2,1,2,0,0.41
38,0,Travel_Rarely,1035,Sales,3,4,Life Sciences,2,1,42,3,2,Sales Executive,4,Single,6861,4981,8,1,12,3,3,0,19,1,3,1,0,0,0,0,0.35
28,0,Travel_Rarely,1144,Sales,10,1,Medical,4,1,74,3,1,Sales Representative,2,Married,1052,23384,1,0,22,4,2,0,1,5,3,1,0,0,0,0,0.5
21,0,Travel_Rarely,1343,Sales,22,1,Technical Degree,3,1,49,3,1,Sales Representative,3,Single,3447,24444,1,0,11,3,3,0,3,2,3,3,2,1,2,0,0.15
47,0,Travel_Rarely,1225,Sales,2,4,Life Sciences,2,0,47,4,4,Manager,2,Divorced,15972,21086,6,0,14,3,3,3,29,2,3,3,2,1,2,0,0.1
31,0,Non-Travel,587,Sales,2,4,Life Sciences,4,0,57,3,3,Sales Executive,3,Divorced,9852,8935,1,1,19,3,1,1,10,5,2,10,8,9,6,0,0.07
33,0,Travel_Frequently,1111,Sales,5,1,Life Sciences,2,1,61,3,2,Sales Executive,4,Married,9998,19293,6,0,13,3,1,0,8,2,4,5,4,1,2,0,0.17
49,0,Travel_Rarely,1245,Research & Development,18,4,Life Sciences,4,1,58,2,5,Research Director,3,Divorced,19502,2125,1,1,17,3,3,1,31,5,3,31,9,0,9,0,0.03
38,0,Travel_Rarely,702,Sales,1,4,Life Sciences,1,0,59,2,2,Sales Executive,4,Single,8686,12930,4,0,22,4,3,0,12,2,4,8,3,0,7,0,0.21
52,0,Travel_Rarely,994,Research & Development,7,4,Life Sciences,2,1,87,3,3,Healthcare Representative,2,Single,10445,15322,7,0,19,3,4,0,18,4,3,8,6,4,0,0,0.16
30,0,Non-Travel,111,Research & Development,9,3,Medical,3,1,66,3,2,Laboratory Technician,1,Divorced,3072,11012,1,0,11,3,3,2,12,4,3,12,9,6,10,0,0.06
56,0,Travel_Frequently,906,Sales,6,3,Life Sciences,3,0,86,4,4,Sales Executive,1,Married,13212,18256,9,0,11,3,4,3,36,0,2,7,7,7,7,0,0.2
38,0,Travel_Frequently,1186,Research & Development,3,4,Other,3,1,44,3,1,Research Scientist,3,Married,2821,2997,3,0,16,3,1,1,8,2,3,2,2,2,2,0,0.08
37,0,Travel_Rarely,571,Research & Development,10,1,Life Sciences,4,0,82,3,1,Research Scientist,1,Divorced,2782,19905,0,1,13,3,2,2,6,3,2,5,3,4,3,0,0.08
34,0,Travel_Rarely,678,Research & Development,19,3,Life Sciences,2,0,35,2,1,Research Scientist,4,Married,2929,20338,1,0,12,3,2,0,10,3,3,10,9,8,7,0,0.08
25,1,Travel_Rarely,383,Sales,9,2,Life Sciences,1,1,68,2,1,Sales Representative,1,Married,4400,15182,3,0,12,3,1,0,6,2,3,3,2,2,2,0,0.29
18,0,Non-Travel,1124,Research & Development,1,3,Life Sciences,4,0,97,3,1,Laboratory Technician,4,Single,1611,19305,1,0,15,3,3,0,0,5,4,0,0,0,0,1,0.6
52,0,Travel_Rarely,621,Sales,3,4,Marketing,3,1,31,2,4,Manager,1,Married,16856,10084,1,0,11,3,1,0,34,3,4,34,6,1,16,0,0.11
29,0,Travel_Frequently,1413,Sales,1,1,Medical,2,0,42,3,3,Sales Executive,4,Married,7918,6599,1,0,14,3,4,1,11,5,3,11,10,4,1,0,0.06
50,0,Travel_Rarely,328,Research & Development,1,3,Medical,3,1,86,2,1,Laboratory Technician,3,Married,3690,3425,2,0,15,3,4,1,5,2,2,3,2,0,2,0,0.05
35,0,Travel_Rarely,882,Sales,3,4,Life Sciences,4,1,92,3,3,Sales Executive,4,Divorced,7823,6812,6,0,13,3,2,1,12,2,3,10,9,0,8,0,0.06
18,0,Non-Travel,1431,Research & Development,14,3,Medical,2,0,33,3,1,Research Scientist,3,Single,1514,8018,1,0,16,3,3,0,0,4,1,0,0,0,0,0,0.5
34,0,Non-Travel,1065,Sales,23,4,Marketing,2,1,72,3,2,Sales Executive,3,Single,4568,10034,0,0,20,4,3,0,10,2,3,9,5,8,7,0,0.16
24,1,Travel_Frequently,1287,Research & Development,7,3,Life Sciences,1,0,55,3,1,Laboratory Technician,3,Married,2886,14168,1,1,16,3,4,1,6,4,3,6,3,1,2,0,0.24
44,1,Travel_Rarely,1097,Research & Development,10,4,Life Sciences,3,1,96,3,1,Research Scientist,3,Single,2936,10826,1,1,11,3,3,0,6,4,3,6,4,0,2,0,0.14
56,0,Travel_Frequently,1240,Research & Development,9,3,Medical,1,0,63,3,1,Research Scientist,3,Married,2942,12154,2,0,19,3,2,1,18,4,3,5,4,0,3,0,0.04
30,0,Travel_Rarely,1176,Research & Development,20,3,Other,3,1,85,3,2,Manufacturing Director,1,Married,9957,9096,0,0,15,3,3,1,7,1,2,6,2,0,2,0,0.06
33,0,Travel_Rarely,267,Research & Development,21,3,Medical,2,1,79,4,1,Laboratory Technician,2,Married,2028,13637,1,0,18,3,4,3,14,6,3,14,11,2,13,0,0.11
49,0,Travel_Rarely,1490,Research & Development,7,4,Life Sciences,3,1,35,3,3,Healthcare Representative,2,Divorced,10466,20948,3,0,14,3,2,2,29,3,3,8,7,0,7,0,0.04
42,0,Travel_Frequently,1474,Research & Development,5,2,Other,2,1,97,3,1,Laboratory Technician,3,Married,2093,9260,4,0,17,3,4,1,8,4,3,2,2,2,0,0,0.15
42,1,Travel_Frequently,933,Research & Development,19,3,Medical,3,1,57,4,1,Research Scientist,3,Divorced,2759,20366,6,1,12,3,4,0,7,2,3,2,2,2,2,0,0.27
30,0,Travel_Rarely,330,Human Resources,1,3,Life Sciences,3,1,46,3,1,Human Resources,3,Divorced,2064,15428,0,0,21,4,1,1,6,3,4,5,3,1,3,0,0.12
34,0,Travel_Rarely,628,Research & Development,8,3,Medical,2,1,82,4,2,Laboratory Technician,3,Married,4404,10228,2,0,12,3,1,0,6,3,4,4,3,1,2,0,0.17
33,0,Travel_Rarely,1075,Human Resources,3,2,Human Resources,4,1,57,3,1,Human Resources,2,Divorced,2277,22650,3,1,11,3,3,1,7,4,4,4,3,0,3,0,0.25
44,0,Travel_Rarely,136,Research & Development,28,3,Life Sciences,4,1,32,3,4,Research Director,1,Married,16328,22074,3,0,13,3,3,1,24,1,4,20,6,14,17,0,0.14
35,0,Travel_Rarely,1402,Sales,28,4,Life Sciences,2,0,98,2,1,Sales Representative,3,Married,2430,26204,0,0,23,4,1,2,6,5,3,5,3,4,2,0,0.08
40,0,Travel_Rarely,658,Sales,10,4,Marketing,1,1,67,2,3,Sales Executive,2,Divorced,9705,20652,2,0,12,3,2,1,11,2,2,1,0,0,0,0,0.3
41,0,Travel_Rarely,314,Human Resources,1,3,Human Resources,4,1,59,2,5,Manager,3,Married,19189,19562,1,0,12,3,2,1,22,3,3,22,7,2,10,0,0.02
29,0,Travel_Rarely,718,Research & Development,8,1,Medical,2,1,79,2,2,Manufacturing Director,4,Married,5056,17689,1,1,15,3,3,1,10,2,2,10,7,1,2,0,0.04
35,0,Travel_Rarely,1146,Human Resources,26,4,Life Sciences,3,0,31,3,3,Human Resources,4,Single,8837,16642,1,1,16,3,3,0,9,2,3,9,0,1,7,0,0.15
41,1,Travel_Rarely,1360,Research & Development,12,3,Technical Degree,2,0,49,3,5,Research Director,3,Married,19545,16280,1,0,12,3,4,0,23,0,3,22,15,15,8,0,0.08
33,0,Non-Travel,1313,Research & Development,1,2,Medical,2,1,59,2,1,Laboratory Technician,3,Divorced,2008,20439,1,0,12,3,3,3,1,2,2,1,1,0,0,0,0.44
56,0,Travel_Rarely,206,Human Resources,8,4,Life Sciences,4,1,99,3,5,Manager,2,Single,19717,4022,6,0,14,3,1,0,36,4,3,7,3,7,7,0,0.13
29,0,Travel_Rarely,1252,Research & Development,23,2,Life Sciences,3,1,81,4,1,Research Scientist,3,Married,2700,23779,1,0,24,4,3,1,10,3,3,10,7,0,7,0,0.04
27,0,Travel_Frequently,1297,Research & Development,5,2,Life Sciences,4,0,53,3,1,Laboratory Technician,4,Single,2379,19826,0,1,14,3,3,0,6,3,2,5,4,0,2,0,0.25
21,1,Travel_Rarely,1427,Research & Development,18,1,Other,4,0,65,3,1,Research Scientist,4,Single,2693,8870,1,0,19,3,1,0,1,3,2,1,0,0,0,0,0.35
37,0,Travel_Rarely,1225,Research & Development,10,2,Life Sciences,4,1,80,4,1,Research Scientist,4,Single,4680,15232,3,0,17,3,1,0,4,2,3,1,0,0,0,0,0.11
25,0,Travel_Rarely,1372,Sales,18,1,Life Sciences,1,1,93,4,2,Sales Executive,3,Married,6232,12477,2,0,11,3,2,0,6,3,2,3,2,1,2,0,0.18
27,0,Travel_Rarely,975,Research & Development,7,3,Medical,4,0,55,2,2,Healthcare Representative,1,Single,6811,23398,8,0,19,3,1,0,9,2,1,7,6,0,7,0,0.2
38,0,Travel_Rarely,243,Sales,7,4,Marketing,4,0,46,2,2,Sales Executive,4,Single,4028,7791,0,0,20,4,1,0,8,2,3,7,7,0,5,0,0.09
39,0,Travel_Rarely,1089,Research & Development,6,3,Life Sciences,2,0,32,3,3,Manufacturing Director,2,Single,8376,9150,4,0,18,3,4,0,9,3,3,2,0,2,2,0,0.08
37,1,Travel_Frequently,504,Research & Development,10,3,Medical,1,1,61,3,3,Manufacturing Director,3,Divorced,10048,22573,6,0,11,3,2,2,17,5,3,1,0,0,0,0,0.15
41,0,Travel_Rarely,427,Human Resources,10,4,Human Resources,2,1,73,2,5,Manager,4,Divorced,19141,8861,3,0,15,3,2,3,23,2,2,21,6,12,6,0,0.05
33,0,Travel_Rarely,922,Research & Development,1,5,Medical,1,0,95,4,4,Research Director,3,Divorced,16184,22578,4,0,19,3,3,1,10,2,3,6,1,0,5,0,0.03
21,0,Travel_Rarely,996,Research & Development,3,2,Medical,4,1,100,2,1,Research Scientist,3,Single,3230,10531,1,0,17,3,1,0,3,4,4,3,2,1,0,0,0.25
38,0,Travel_Rarely,201,Research & Development,10,3,Medical,2,0,99,1,3,Research Director,3,Married,13206,3376,3,0,12,3,1,1,20,3,3,18,16,1,11,0,0.05
42,0,Travel_Rarely,855,Research & Development,12,3,Medical,2,1,57,3,1,Laboratory Technician,2,Divorced,2766,8952,8,0,22,4,2,3,7,6,2,5,3,0,4,0,0.09
36,0,Non-Travel,1351,Research & Development,9,4,Life Sciences,1,1,66,4,1,Laboratory Technician,2,Married,2810,9238,1,0,22,4,2,0,5,3,3,5,4,0,2,0,0.12
46,0,Travel_Rarely,706,Research & Development,2,2,Life Sciences,4,1,82,3,3,Manufacturing Director,4,Divorced,8578,19989,3,0,14,3,3,1,12,4,2,9,8,4,7,0,0.01
49,0,Travel_Frequently,1023,Sales,2,3,Medical,4,1,63,2,2,Sales Executive,2,Married,5390,13243,2,0,14,3,4,0,17,3,2,9,6,0,8,0,0.17
35,0,Non-Travel,1225,Research & Development,2,4,Life Sciences,4,0,61,3,2,Healthcare Representative,1,Divorced,5093,4761,2,0,11,3,1,1,16,2,4,1,0,0,0,0,0.11
39,0,Travel_Rarely,1431,Research & Development,1,4,Medical,3,0,96,3,1,Laboratory Technician,3,Divorced,2232,15417,7,0,14,3,3,3,7,1,3,3,2,1,2,0,0.08
26,0,Travel_Rarely,474,Research & Development,3,3,Life Sciences,1,0,89,3,1,Research Scientist,4,Married,2061,11133,1,0,21,4,1,0,1,5,3,1,0,0,0,0,0.42
35,0,Travel_Rarely,982,Research & Development,1,4,Medical,4,1,58,2,1,Laboratory Technician,3,Married,2258,16340,6,0,12,3,2,1,10,2,3,8,0,1,7,0,0.08
42,0,Travel_Rarely,469,Research & Development,2,2,Medical,4,1,35,3,4,Manager,1,Married,17665,14399,0,0,17,3,4,1,23,3,3,22,6,13,7,0,0.03
36,0,Travel_Rarely,796,Research & Development,12,5,Medical,4,0,51,2,3,Manufacturing Director,4,Single,8858,15669,0,0,11,3,2,0,15,2,2,14,8,7,8,0,0.07
32,1,Travel_Rarely,374,Research & Development,25,4,Life Sciences,1,1,87,3,1,Laboratory Technician,4,Single,2795,18016,1,1,24,4,3,0,1,2,1,1,0,0,1,1,0.55
22,0,Non-Travel,1123,Research & Development,16,2,Medical,4,1,96,4,1,Laboratory Technician,4,Divorced,2935,7324,1,1,13,3,2,2,1,2,2,1,0,0,0,0,0.46
38,0,Travel_Rarely,1321,Sales,1,4,Life Sciences,4,1,86,3,2,Sales Executive,2,Married,4440,7636,0,0,15,3,1,2,16,3,3,15,13,5,8,0,0.0
23,0,Travel_Rarely,160,Research & Development,4,1,Medical,3,0,51,3,1,Laboratory Technician,2,Single,3295,12862,1,0,13,3,3,0,3,3,1,3,2,1,2,0,0.19
31,0,Travel_Rarely,106,Human Resources,2,3,Human Resources,1,1,62,2,2,Human Resources,1,Married,6410,17822,3,0,12,3,4,0,9,1,3,2,2,1,0,0,0.27
28,0,Travel_Rarely,1181,Research & Development,1,3,Life Sciences,3,1,82,3,1,Research Scientist,4,Married,2044,5531,1,0,11,3,3,1,5,6,4,5,3,0,3,0,0.1
52,1,Travel_Rarely,266,Sales,2,1,Marketing,1,0,57,1,5,Manager,4,Married,19845,25846,1,0,15,3,4,1,33,3,3,32,14,6,9,0,0.11
27,0,Travel_Rarely,155,Research & Development,4,3,Life Sciences,2,1,87,4,2,Manufacturing Director,2,Married,6142,5174,1,1,20,4,2,1,6,0,3,6,2,0,3,0,0.06
59,0,Travel_Rarely,326,Sales,3,3,Life Sciences,3,0,48,2,2,Sales Executive,4,Single,5171,16490,5,0,17,3,4,0,13,2,3,6,1,0,5,0,0.18
41,0,Travel_Rarely,263,Research & Development,6,3,Medical,4,1,59,3,1,Laboratory Technician,1,Single,4721,3119,2,1,13,3,3,0,20,3,3,18,13,2,17,0,0.12
28,0,Travel_Rarely,1217,Research & Development,1,3,Medical,3,0,67,3,1,Research Scientist,1,Married,3591,12719,1,0,25,4,3,1,3,3,3,3,2,1,2,0,0.05
33,0,Non-Travel,1283,Sales,2,3,Marketing,4,0,62,3,2,Sales Executive,2,Single,5147,10697,8,0,15,3,4,0,13,2,2,11,7,1,7,0,0.14
25,0,Travel_Rarely,882,Research & Development,19,1,Medical,4,1,67,3,1,Laboratory Technician,4,Married,3669,9075,3,0,11,3,3,3,7,6,2,3,2,1,2,0,0.18
26,0,Travel_Rarely,482,Research & Development,1,2,Life Sciences,2,0,90,2,1,Research Scientist,3,Married,2933,14908,1,1,13,3,3,1,1,3,2,1,0,1,0,0,0.35
33,0,Travel_Frequently,430,Sales,7,3,Medical,4,1,54,3,2,Sales Executive,1,Married,4373,17456,0,0,14,3,1,2,5,2,3,4,3,0,3,0,0.07
43,0,Travel_Rarely,823,Research & Development,6,3,Medical,1,0,81,2,5,Manager,3,Married,19392,22539,7,0,13,3,4,0,21,2,3,16,12,6,14,0,0.06
49,0,Travel_Rarely,1098,Research & Development,4,2,Medical,1,1,85,2,5,Manager,3,Married,18711,12124,2,0,13,3,3,1,23,2,4,1,0,0,0,0,0.05
30,1,Travel_Rarely,1005,Research & Development,3,3,Technical Degree,4,0,88,3,1,Research Scientist,1,Single,2657,8556,5,1,11,3,3,0,8,5,3,5,2,0,4,0,0.26
33,0,Travel_Frequently,1392,Research & Development,3,4,Life Sciences,4,0,56,3,1,Research Scientist,3,Married,2909,23159,1,1,11,3,3,0,8,3,3,8,7,3,0,0,0.25
54,0,Travel_Rarely,155,Research & Development,9,2,Life Sciences,1,0,67,3,2,Research Scientist,3,Married,2897,22474,3,0,11,3,3,2,9,6,2,4,3,2,3,0,0.04
45,0,Travel_Rarely,549,Research & Development,8,4,Other,4,1,75,3,2,Research Scientist,4,Married,3697,9278,9,0,14,3,1,2,12,3,3,10,9,9,8,0,0.04
24,0,Non-Travel,1092,Research & Development,9,3,Life Sciences,3,1,60,2,1,Laboratory Technician,2,Divorced,2694,26551,1,0,11,3,3,3,1,4,3,1,0,0,0,0,0.38
51,0,Travel_Frequently,968,Research & Development,6,2,Medical,2,0,40,2,1,Laboratory Technician,3,Single,2838,4257,0,0,14,3,2,0,8,6,2,7,0,7,7,0,0.15
31,1,Travel_Frequently,307,Research & Development,29,2,Medical,3,1,71,2,1,Laboratory Technician,2,Single,3479,11652,0,0,11,3,2,0,6,2,4,5,4,1,4,0,0.18
38,0,Travel_Rarely,119,Sales,3,3,Life Sciences,1,1,76,3,3,Sales Executive,3,Divorced,10609,9647,0,0,12,3,3,2,17,6,2,16,10,5,13,0,0.12
38,0,Travel_Frequently,240,Research & Development,2,4,Life Sciences,1,0,75,4,2,Manufacturing Director,1,Single,5980,26085,6,1,12,3,4,0,17,2,3,15,7,4,12,0,0.24
41,0,Non-Travel,509,Research & Development,2,4,Other,1,0,62,2,2,Healthcare Representative,3,Single,6811,2112,2,1,17,3,1,0,10,3,3,8,7,0,7,0,0.11
34,0,Travel_Rarely,1326,Sales,3,3,Other,4,1,81,1,2,Sales Executive,1,Single,4759,15891,3,0,18,3,4,0,15,2,3,13,9,3,12,0,0.13
38,0,Travel_Rarely,1495,Research & Development,10,3,Medical,3,0,76,3,2,Healthcare Representative,3,Married,9824,22174,3,0,19,3,3,1,18,4,3,1,0,0,0,0,0.04
35,0,Travel_Rarely,1370,Research & Development,27,4,Life Sciences,4,1,49,3,2,Manufacturing Director,3,Married,6883,5151,2,0,16,3,2,1,17,3,3,7,7,0,7,0,0.01
37,0,Travel_Rarely,309,Sales,10,4,Life Sciences,4,0,88,2,2,Sales Executive,4,Divorced,6694,24223,2,1,14,3,3,3,8,5,3,1,0,0,0,0,0.13
25,0,Travel_Rarely,1382,Sales,8,2,Other,1,0,85,3,2,Sales Executive,3,Divorced,4907,13684,0,1,22,4,2,1,6,3,2,5,3,0,4,0,0.12
30,0,Travel_Rarely,241,Research & Development,7,3,Medical,2,1,48,2,1,Research Scientist,2,Married,2141,5348,1,0,12,3,2,1,6,3,2,6,4,1,1,0,0.14
36,0,Travel_Rarely,335,Sales,17,2,Marketing,3,1,33,2,2,Sales Executive,2,Married,5507,16822,2,0,16,3,3,2,12,1,1,4,2,1,3,0,0.2
43,0,Travel_Rarely,1001,Research & Development,7,3,Life Sciences,3,0,43,3,3,Healthcare Representative,1,Married,9985,9262,8,0,16,3,1,1,10,1,2,1,0,0,0,0,0.15
33,0,Travel_Rarely,536,Sales,10,5,Marketing,4,1,82,4,3,Sales Executive,3,Divorced,8380,21708,0,1,14,3,4,2,10,3,3,9,8,0,8,0,0.06
31,0,Travel_Rarely,311,Research & Development,20,3,Life Sciences,2,1,89,3,2,Laboratory Technician,3,Divorced,4197,18624,1,0,11,3,1,1,10,2,3,10,8,0,2,0,0.12
38,0,Travel_Rarely,345,Sales,10,2,Life Sciences,1,0,100,3,2,Sales Executive,4,Married,5343,5982,1,0,11,3,3,1,10,1,3,10,7,1,9,0,0.11
26,0,Travel_Rarely,572,Sales,10,3,Medical,3,1,46,3,2,Sales Executive,4,Single,4684,9125,1,0,13,3,1,0,5,4,3,5,3,1,2,0,0.17
39,0,Travel_Frequently,672,Research & Development,7,2,Medical,3,1,54,2,5,Manager,4,Married,19272,21141,1,0,15,3,1,1,21,2,3,21,9,13,3,0,0.06
44,0,Non-Travel,381,Research & Development,24,3,Medical,1,1,49,1,1,Laboratory Technician,3,Single,3708,2104,2,0,14,3,3,0,9,5,3,5,2,1,4,0,0.18
26,1,Travel_Rarely,920,Human Resources,20,2,Medical,4,0,69,3,1,Human Resources,2,Married,2148,6889,0,1,11,3,3,0,6,3,3,5,1,1,4,0,0.23
35,0,Travel_Rarely,583,Research & Development,25,4,Medical,3,0,57,3,3,Healthcare Representative,3,Divorced,10388,6975,1,1,11,3,3,1,16,3,2,16,10,10,1,0,0.05
34,0,Travel_Rarely,1333,Sales,10,4,Life Sciences,3,0,87,3,1,Sales Representative,3,Married,2220,18410,1,1,19,3,4,1,1,2,3,1,1,0,0,0,0.39
34,0,Travel_Frequently,1003,Research & Development,2,2,Life Sciences,4,1,95,3,2,Manufacturing Director,3,Single,4033,15834,2,0,11,3,4,0,5,3,2,3,2,0,2,0,0.07
27,1,Travel_Frequently,1337,Human Resources,22,3,Human Resources,1,0,58,2,1,Human Resources,2,Married,2863,19555,1,0,12,3,1,0,1,2,3,1,0,0,0,1,0.53
31,0,Travel_Frequently,444,Sales,5,3,Marketing,4,0,84,3,1,Sales Representative,2,Divorced,2789,3909,1,0,11,3,3,1,2,5,2,2,2,2,2,0,0.28
50,1,Travel_Rarely,869,Sales,3,2,Marketing,1,1,86,2,1,Sales Representative,3,Married,2683,3810,1,1,14,3,3,0,3,2,3,3,2,0,2,0,0.21
35,0,Travel_Frequently,482,Research & Development,4,4,Life Sciences,3,1,87,3,2,Research Scientist,3,Single,4249,2690,1,1,11,3,2,0,9,3,3,9,6,1,1,0,0.06
40,0,Travel_Rarely,448,Research & Development,16,3,Life Sciences,3,0,84,3,3,Manufacturing Director,4,Single,7945,19948,6,1,15,3,4,0,18,2,2,4,2,3,3,0,0.1
27,0,Travel_Rarely,1054,Research & Development,8,3,Medical,3,0,67,3,1,Research Scientist,4,Single,3445,6152,1,0,11,3,3,0,6,5,2,6,2,1,4,0,0.07
50,1,Travel_Frequently,959,Sales,1,4,Other,4,1,81,3,2,Sales Executive,3,Single,4728,17251,3,1,14,3,4,0,5,4,3,0,0,0,0,0,0.19
32,0,Travel_Frequently,585,Research & Development,10,3,Life Sciences,1,1,56,3,1,Research Scientist,3,Married,3433,17360,6,0,13,3,1,1,10,3,2,5,2,1,3,0,0.2
45,0,Travel_Frequently,1297,Research & Development,1,4,Medical,2,1,44,3,2,Healthcare Representative,3,Single,5399,14511,4,0,12,3,3,0,12,3,3,4,2,0,3,0,0.05
43,0,Travel_Rarely,1179,Sales,2,3,Medical,4,1,73,3,2,Sales Executive,4,Married,7847,6069,1,1,17,3,1,1,10,3,3,10,9,8,8,0,0.1
32,0,Non-Travel,862,Sales,2,1,Life Sciences,3,0,76,3,1,Sales Representative,1,Divorced,2827,14947,1,0,12,3,3,3,1,3,3,1,0,0,0,0,0.27
37,0,Travel_Frequently,1278,Sales,1,4,Medical,3,1,31,1,2,Sales Executive,4,Divorced,9525,7677,1,0,14,3,3,2,6,2,2,6,3,1,3,0,0.16
38,0,Travel_Frequently,1490,Research & Development,2,2,Life Sciences,4,1,42,3,1,Laboratory Technician,4,Married,1702,12106,1,1,23,4,3,1,1,3,3,1,0,0,0,0,0.38
40,0,Non-Travel,1142,Research & Development,8,2,Life Sciences,4,1,72,3,2,Healthcare Representative,4,Divorced,4069,8841,3,1,18,3,3,0,8,2,3,2,2,2,2,0,0.14
33,1,Travel_Frequently,1076,Research & Development,3,3,Life Sciences,1,1,70,3,1,Research Scientist,1,Single,3348,3164,1,1,11,3,1,0,10,3,3,10,8,9,7,0,0.3
29,1,Travel_Rarely,1092,Research & Development,1,4,Medical,1,1,36,3,1,Research Scientist,4,Married,4787,26124,9,1,14,3,2,3,4,3,4,2,2,2,2,0,0.2
45,0,Travel_Rarely,1385,Research & Development,20,2,Medical,3,1,79,3,4,Healthcare Representative,4,Married,13496,7501,0,1,14,3,2,0,21,2,3,20,7,4,10,0,0.03
